<?xml version="1.0" encoding="UTF-8"?>
<project default="generate" name="ModernThemePark2HTML">
    <property name="ECLIPSE_HOME" value="../../../eclipse/modeling-2021-12/eclipse"/>
    <property name="ECLIPSE_WORKSPACE" value="../.."/>

    <!-- The classpath with only the dependencies used by the project -->
    <path id="ModernThemePark2HTML.libraryclasspath">
        <pathelement location="${ECLIPSE_WORKSPACE}/ModernThemePark2HTML/bin"/>
    </path>

    <path id="ModernThemePark2HTML.classpath">
        <path refid="ModernThemePark2HTML.libraryclasspath"/>
    </path>

    <!-- The classpath with only the jars available in the plugin folder of Eclipse -->
    <path id="ModernThemePark2HTML.libraryclasspath.alljars">
        <pathelement location="../ModernThemePark2HTML/bin"/>
        <fileset dir="${ECLIPSE_HOME}/plugins/" includes="*.jar"/>
    </path>

    <path id="ModernThemePark2HTML.classpath.alljars">
        <path refid="ModernThemePark2HTML.libraryclasspath.alljars"/>
    </path>

    <!-- The default task with the jars used by this project -->
    <target name="generate">
        <java classname="ModernThemePark2HTML.main.Generate" classpathref="ModernThemePark2HTML.classpath">
            <arg value="${model}"/>
            <arg value="${target}"/>
        </java>
    </target>

    <!--
        In case of problem you can also try with all the jar available in your Eclipse
        Keep in mind that having two versions of the same jar can create problems
    -->
    <target name="generate.alljars">
        <java classname="ModernThemePark2HTML.main.Generate" classpathref="ModernThemePark2HTML.classpath">
            <arg value="${model}"/>
            <arg value="${target}"/>
        </java>
    </target>
</project>
